DATE;GameID;CustomID;BlueScore;OrangeScore;GameLength;TeamSize;Mode;IdPlayer;Name;Score;Goals;Assists;Saves;Shots;IsOrange;BoostUsage;SmallBoost;LargeBoost;BoostOverflow;BoostDuringSuperSonic;TimeFullBoost;TimeLowBoost;StolenBoost;AverageBoostLevel;TimeClosestToBall;TimeFurthestFromBall;PossessionTime;TurnoversLoose;TurnoversOnMyHalf;TurnoverOnThierHalf;TurnoversWin;TimeOnGround;TimeLowInAir;TimeHightInAir;TimeInDefendingHalf;TimeInAttackingHalf;TimeInDefendingThird;TimeInNeutralThird;TimeInAttackingThird;TimeBehindBall;TimeInFrontBall;TimeNearWall;TimeInCorner;TimeOnWall;AverageSpeed;TotalHits;TotalPasses;TotalSaves;TotalShots;TotalDribbles;TotalDribblesConts;TotalAerial;TotalClears;TimeAtSlowSpeed;TimeAtSuperSonic;TimeAtBoostSpeed;TotalCarries;TotalFlick;LongestCarry;TotalCarryTime;FastestCarrySpeed;VarianceBallZVelocity;TotalKickoffs;numTimeBoost;numTimeCheat;numTimeDefend;NumTimeGoToBall;NumTimeFirstTouch;AverageBoostUsed;Adversaire
2024-10-17 21:58:58.3709303;15D295E940C6C3069DDFAB942BA36EC8;MynoteetNeazo AxPangarnSniperAmy lft40251854659523;2;3;329.40281873500004;2;UNRANKED_DOUBLES;b460bb8f9eb;Mynoteet;546;1;1;3;3;0;2603.5351032510844;0;0;0.0;0.0;0.0;89.66077998761645;0;0.0;24.107032499283033;27.108125264051687;17.08467279943781;10;3;2;10;57.73247865859674;37.62229438804501;1.7438635543739038;58.526998703704635;41.438196038574645;38.37639230364249;42.13664313105411;19.452159307582676;71.1282789594129;28.83691578286639;11.49018238227311;0.9774738741960508;11.49018238227311;14639.456486392135;38;10;3;2;7;7;7;4;9.712392362597758;12.957167916142401;53.62720881180758;1;1;1.7195291060000002;1.7195291060000002;14260.70219933722;24975488.404902868;6;0;2;0;4;1;0.0;
2024-10-17 21:58:58.3709303;15D295E940C6C3069DDFAB942BA36EC8;MynoteetNeazo AxPangarnSniperAmy lft40251854659523;2;3;329.40281873500004;2;UNRANKED_DOUBLES;76561198047874307;SniperAmy lft;402;1;1;2;3;1;2697.183238321713;0;0;0.0;0.0;0.0;83.56905622002355;0;0.0;22.90535997862843;23.95824972387082;26.13574732681925;7;3;3;10;50.473407060840756;37.83899206620733;5.788058792945045;56.00026862957742;42.13222203197064;38.446527433295365;32.03706156864985;27.64890165960285;67.39434554067826;30.727038385311033;19.286143374841085;1.2551350419153842;19.286143374841085;15640.088982849311;40;7;2;2;10;9;16;4;7.396504447219275;18.976341164307968;59.099156863806336;0;0;0;0;0;0;6;0;2;0;4;3;NaN;
2024-10-17 21:58:58.3709303;15D295E940C6C3069DDFAB942BA36EC8;MynoteetNeazo AxPangarnSniperAmy lft40251854659523;2;3;329.40281873500004;2;UNRANKED_DOUBLES;b64ace7a67b;Neazo Ax;595;2;0;1;6;1;2008.1007729791281;0;0;0.0;0.0;0.0;78.1713555830705;0;0.0;27.611640557991592;26.648605883855424;26.050467045648972;10;3;4;10;59.427858362524766;34.105601335299994;4.810038869383994;66.9204046141873;33.044790128091975;45.378346782834484;38.96002805496454;15.626819904480255;78.28116625208511;21.684028490194148;13.325415593456821;1.4995902348285346;13.325415593456821;14543.8928191334;51;6;1;5;17;15;13;7;9.6447505494962;9.96537927819257;52.52999487208496;2;0;2.5986545089999997;3.69634031;14280.987236071453;2742065.9929837757;6;0;4;0;2;0;0.0;
2024-10-17 21:58:58.3709303;15D295E940C6C3069DDFAB942BA36EC8;MynoteetNeazo AxPangarnSniperAmy lft40251854659523;2;3;329.40281873500004;2;UNRANKED_DOUBLES;76561197969412711;Pangarn;518;1;1;3;3;0;2553.098703335421;0;0;0.0;0.0;0.0;83.14984384160398;0;0.0;25.341161706377136;22.250213870502293;23.874735294620546;10;4;5;7;46.22415898647607;41.63180566506453;8.898159053575105;60.750936878591176;39.2142578636881;42.856110295027165;31.002412922931416;26.106671524320706;71.07554106613463;28.88965367614464;17.599143658402546;0.8886137951827383;17.599143658402546;15635.298492083766;43;7;2;2;10;10;12;4;8.511571587842289;17.018636840840067;60.108658946627216;1;0;1.470674907;1.470674907;15214.533168230657;7748114.734846153;6;0;3;0;2;2;NaN;
2024-10-17 21:26:22.0823139;4DDCD0854F279CD92D573CB1100912AA;ADGAMINCealErik Bartalemew James da 3rd jrMynoteetRezorxxLCxx21223326034134835510;1;0;335.087883852;3;UNRANKED_STANDARD;b460bb8f9eb;Mynoteet;355;1;0;2;1;0;2431.8030255956023;0;0;0.0;0.0;0.0;81.64303422078606;0;0.0;19.874571481198352;21.046670968309254;12.603502447332051;6;2;3;7;57.78271488100668;32.75303589773317;2.6750921334294304;67.96092351479415;30.98327129036252;52.76721430163541;28.975817903008455;17.201162600512802;74.27449318935275;24.66970161580392;23.030903034705286;1.3542922975407707;23.030903034705286;14667.382902687676;29;5;1;0;5;5;10;1;8.615560788450034;10.367818616307929;53.08984384274875;1;0;1.8659624060000002;1.8659624060000002;14332.003148851578;15888234.961529411;2;0;1;0;1;1;0.0;
2024-10-17 21:26:22.0823139;4DDCD0854F279CD92D573CB1100912AA;ADGAMINCealErik Bartalemew James da 3rd jrMynoteetRezorxxLCxx21223326034134835510;1;0;335.087883852;3;UNRANKED_STANDARD;76561198088156226;xxLCxx;260;0;0;0;2;0;1933.0036959898835;0;0;0.0;0.0;0.0;69.80122976821849;0;0.0;16.599168647520305;13.730585899465522;18.44359950367424;5;5;0;8;58.69765309057624;32.63051187260867;4.193429153411668;61.76349378284593;38.213833568078655;45.52719092892665;30.12763295332663;24.322503468671314;70.37275646622653;29.604570884698045;18.639930410192658;0.8627418197778995;18.639930410192658;14223.74852120595;32;8;0;0;6;6;17;5;8.75887131567044;8.539864860837195;46.40154783324654;0;0;0;0;0;0;2;1;0;0;1;0;0.0;
2024-10-17 21:26:22.0823139;4DDCD0854F279CD92D573CB1100912AA;ADGAMINCealErik Bartalemew James da 3rd jrMynoteetRezorxxLCxx21223326034134835510;1;0;335.087883852;3;UNRANKED_STANDARD;76561198063424099;Rezor;212;0;0;2;1;1;2266.5799036221683;0;0;0.0;0.0;0.0;80.39117311563979;0;0.0;11.616239294164417;18.29380974934787;14.361222880339838;7;3;4;5;62.941966478905606;31.411951869166867;2.5114644069664323;64.3985644417719;35.58968111949781;45.44871192635067;35.090893043132084;19.448640591786955;77.27579613125259;22.712449430017116;18.979117937934483;1.3322914766956453;18.979117937934483;13714.866240135761;28;3;1;0;5;5;10;4;9.962333627599653;6.602084734514308;45.1722664854257;0;0;0;0;0;0;2;1;0;0;1;1;0.0;
2024-10-17 21:26:22.0823139;4DDCD0854F279CD92D573CB1100912AA;ADGAMINCealErik Bartalemew James da 3rd jrMynoteetRezorxxLCxx21223326034134835510;1;0;335.087883852;3;UNRANKED_STANDARD;76561198362458305;Erik Bartalemew James da 3rd jr;348;0;1;1;5;0;1735.623667079918;0;0;0.0;0.0;0.0;63.068391234741874;0;0.0;14.365449387081103;18.19121887854455;17.554530998793354;8;3;5;12;46.17223583540099;31.54994131470713;1.9765015156218608;47.066087233299605;37.05503748975939;34.42109000274782;24.78613350779447;24.913901212516702;56.09933004113841;28.021794681920596;37.04830162013004;2.1508120276241325;37.04830162013004;14659.999850129716;43;8;0;6;8;8;19;4;7.338555715688299;7.338565461191367;44.59960496244232;0;0;0;0;0;0;2;0;1;0;0;0;NaN;
2024-10-17 21:26:22.0823139;4DDCD0854F279CD92D573CB1100912AA;ADGAMINCealErik Bartalemew James da 3rd jrMynoteetRezorxxLCxx21223326034134835510;1;0;335.087883852;3;UNRANKED_STANDARD;76561198411959440;ADGAMIN;341;0;0;3;1;1;1493.7144774193684;0;0;0.0;0.0;0.0;69.16921332982801;0;0.0;17.6033737450959;9.671716374356901;16.631013791180198;10;5;5;8;55.8923565394327;30.88326102047522;3.0896874891402333;60.205342089928834;38.39612312864951;45.433540334523606;30.441582250420467;22.72634263363428;72.77050666048562;25.83095855809272;27.350688554731217;1.7378240424747733;27.350688554731217;13548.309512097594;35;6;2;1;6;6;9;4;10.369437069633559;6.486668649768373;43.41310141498624;2;0;1.1342267010000002;2.1587321000000004;13158.915403836882;4177121.965734084;2;1;1;0;0;0;NaN;
2024-10-17 21:26:22.0823139;4DDCD0854F279CD92D573CB1100912AA;ADGAMINCealErik Bartalemew James da 3rd jrMynoteetRezorxxLCxx21223326034134835510;1;0;335.087883852;3;UNRANKED_STANDARD;76561198112591647;Ceal;233;0;0;2;1;1;1935.8471306093218;0;0;0.0;0.0;0.0;72.35707960723641;0;0.0;19.92944300621031;19.054243691246352;18.302299222817442;10;4;6;6;43.63308347567021;44.780752711809626;4.18186997957502;58.03300443291731;41.627666527509824;40.907146882560085;32.8827791516528;25.870744926214257;62.63279156183891;37.02787939858824;27.475372012156534;0.6774230896998311;27.475372012156534;14535.348063742491;28;5;3;0;4;4;11;3;10.144020650120872;10.429088254481616;50.968464471974805;0;0;0;0;0;0;2;0;1;0;1;0;NaN;
2024-10-17 21:52:19.7358647;67D74DC24B97324694D51A9CAF54BA4A;Astro_WarzMynoteetMyrtlePangarnsim.nk1617670470697772;7;2;329.92360630499996;2;UNRANKED_DOUBLES;b460bb8f9eb;Mynoteet;977;4;3;2;7;0;2886.2593486316323;0;0;0.0;0.0;0.0;88.77636839881916;0;0.0;30.98213211651954;18.045579321766223;24.40045191782325;11;3;5;10;54.470498165222224;40.20467106235974;1.431331260253757;59.694665085871826;40.305334914128196;42.62655761891406;32.09669707996132;25.276745301124627;76.75636954934745;23.243630450652546;17.326442927868083;2.2292790771693674;17.326442927868083;15291.47988485923;55;7;2;3;14;13;8;2;7.442840301430048;13.87581706708158;57.33379950694708;1;1;1.9025790010000003;1.9025790010000003;15011.60472216519;12492845.522484915;10;1;3;0;6;4;0.0;
2024-10-17 21:52:19.7358647;67D74DC24B97324694D51A9CAF54BA4A;Astro_WarzMynoteetMyrtlePangarnsim.nk1617670470697772;7;2;329.92360630499996;2;UNRANKED_DOUBLES;76561197969412711;Pangarn;706;2;0;4;6;1;2850.370027982257;0;0;0.0;0.0;0.0;85.28207568963253;0;0.0;32.11854720969533;23.22550697241191;25.07702167983551;9;5;4;12;44.13143813462052;44.2330636796232;4.791441201811461;59.71400724108001;39.68645678537968;46.69231732499567;24.88951746274469;27.81862923871934;68.74438798093449;30.644986842054823;26.897545713040767;2.772546837265028;26.897545713040767;15605.94789941149;59;2;4;5;21;20;21;4;7.664798986715206;19.254155384769696;59.59220581210594;2;0;1.353709402;2.5244590049999998;15215.100768276192;5502306.043806063;10;2;4;0;3;3;NaN;
2024-10-17 21:52:19.7358647;67D74DC24B97324694D51A9CAF54BA4A;Astro_WarzMynoteetMyrtlePangarnsim.nk1617670470697772;7;2;329.92360630499996;2;UNRANKED_DOUBLES;bdc02fa1cab;sim.nk;704;3;1;1;7;0;2526.7632456082456;0;0;0.0;0.0;0.0;82.55371508251717;0;0.0;18.67767962260742;29.492429693572408;18.345499274776426;8;3;3;8;47.437242782596286;41.636857237492606;4.270287193386103;66.61414932183631;33.385850678163706;49.01212316117599;30.391602678865492;20.596274159958526;77.50615182916201;22.493848170838;22.991336734745932;1.0991418400196613;22.991336734745932;15284.663188558618;44;5;1;7;14;13;13;4;8.783809497465693;16.226440104291804;59.31399378894094;1;0;1.0977891030000002;1.0977891030000002;14956.17664421641;21032455.167540222;10;5;1;0;4;1;0.0;
2024-10-17 21:52:19.7358647;67D74DC24B97324694D51A9CAF54BA4A;Astro_WarzMynoteetMyrtlePangarnsim.nk1617670470697772;7;2;329.92360630499996;2;UNRANKED_DOUBLES;b30b;Myrtle;16;0;0;0;0;1;260.4463344212521;0;0;0.0;0.0;0.0;12.800434970681884;0;0.0;2.029606180350036;5.99998264680097;3.8936958967174453;2;0;1;1;19.986381947777797;2.6187199554350484;0.0;10.813773879829014;11.89101058435098;8.118081437991998;7.59912329941698;6.987579726771016;14.342120523881682;8.362663940298312;81.62034246135696;0.2883408424920527;81.62034246135696;12246.493346077224;5;1;1;0;0;0;0;0;3.8706759922460443;0.6771361494923575;7.032452966263643;0;0;0;0;0;0;10;0;0;1;2;1;NaN;
2024-10-17 21:52:19.7358647;67D74DC24B97324694D51A9CAF54BA4A;Astro_WarzMynoteetMyrtlePangarnsim.nk1617670470697772;7;2;329.92360630499996;2;UNRANKED_DOUBLES;6c0ebb70c4ca421eace43690a6592cec;Astro_Warz;176;0;1;0;2;1;1688.5439582711488;0;0;0.0;0.0;0.0;60.52474475845716;0;0.0;16.192034870828408;23.236501365449232;18.111075815157417;7;3;3;6;45.41882463677746;26.496532661317236;2.2075629508810994;51.508044430109834;25.78717110571019;38.54178826581071;27.27388045304484;11.479546816964467;55.997656274770215;21.2975592610498;39.45502534931137;1.8634504765677413;39.45502534931137;13844.274312133452;26;5;0;2;5;5;5;3;10.228048647056905;6.0559234544524845;35.637319637051746;0;0;0;0;0;0;10;0;2;0;5;1;NaN;
2024-10-17 21:19:56.5462976;7AF1490B47B1C567FB605983954AE3C3;AvoZiaxisMatouMynoteetRosie auchShowkapic.v2xxLCxx21826130241250161624;2;4;316.27337160800005;3;UNRANKED_STANDARD;b460bb8f9eb;Mynoteet;302;0;1;2;1;0;2313.6003334260877;0;0;0.0;0.0;0.0;87.22969007075785;0;0.0;19.0677335734562;9.59319536284112;14.950757954294987;5;3;0;7;53.23604076181451;39.635045034511904;3.529321310943287;73.99934380535753;26.000656194642453;50.789406578336425;40.717520808426656;8.493072613236894;66.16063509366501;33.839364906334986;17.448258002383195;0.821422521216859;17.448258002383195;13994.015535082239;30;7;2;0;4;4;10;5;11.27992045635042;10.238504522642776;49.85096825995683;0;0;0;0;0;0;7;0;3;0;4;2;0.0;
2024-10-17 21:19:56.5462976;7AF1490B47B1C567FB605983954AE3C3;AvoZiaxisMatouMynoteetRosie auchShowkapic.v2xxLCxx21826130241250161624;2;4;316.27337160800005;3;UNRANKED_STANDARD;76561198125716518;Rosie auch;261;0;1;1;1;0;1847.8909503689704;0;0;0.0;0.0;0.0;76.21047961089162;0;0.0;18.37435512055307;14.034252122247723;14.832040474195086;7;4;1;4;46.36579295007924;41.89133760214692;3.2971815072452415;63.34245119133911;34.725418113644935;43.532969039723405;31.496256343852213;23.03864392140843;48.69517781752587;49.37269148745817;27.229530848629192;1.1798951306040357;27.229530848629192;14301.522618906092;26;5;0;1;3;3;14;6;11.335294894011593;12.808679380447524;50.192763876990334;0;0;0;0;0;0;7;4;1;0;2;1;0.0;
2024-10-17 21:19:56.5462976;7AF1490B47B1C567FB605983954AE3C3;AvoZiaxisMatouMynoteetRosie auchShowkapic.v2xxLCxx21826130241250161624;2;4;316.27337160800005;3;UNRANKED_STANDARD;bec448ae6cb;AvoZiaxis;616;3;0;2;6;1;1796.1320606536037;0;0;0.0;0.0;0.0;74.98912525963527;0;0.0;19.218572489667988;22.882073572320323;19.820450254565262;5;3;1;6;46.83346042125454;43.00792727931299;6.3061947708706505;57.506841254225726;42.49315874577427;35.33877100172947;38.548320987993066;26.112908010277447;75.49308500872873;24.506914991271252;19.63385656759138;1.804703375431314;19.63385656759138;15650.046372642453;34;5;1;1;9;8;18;1;6.918301632778526;13.723454728207743;59.65533935270629;1;1;1.903516306;1.903516306;15264.89948813821;12607211.100995475;7;1;2;1;2;1;NaN;
2024-10-17 21:19:56.5462976;7AF1490B47B1C567FB605983954AE3C3;AvoZiaxisMatouMynoteetRosie auchShowkapic.v2xxLCxx21826130241250161624;2;4;316.27337160800005;3;UNRANKED_STANDARD;76561198088156226;xxLCxx;501;2;0;2;2;0;2218.573247041949;0;0;0.0;0.0;0.0;79.62841671828674;0;0.0;14.751450437258418;17.51698003576061;13.074298459514713;6;5;0;5;57.91777170733098;32.28324218756877;4.303145359599963;73.1551280222124;25.884580508556866;60.56753174542455;22.283120269875205;16.189056515469503;65.53138805339674;33.50832047737253;21.926227999033323;2.5574447759785426;21.926227999033323;14854.908533387705;24;5;2;2;2;2;13;4;8.527622768200725;7.6240441357441275;52.16084363323175;0;0;0;0;0;0;7;5;1;0;1;1;0.0;
2024-10-17 21:19:56.5462976;7AF1490B47B1C567FB605983954AE3C3;AvoZiaxisMatouMynoteetRosie auchShowkapic.v2xxLCxx21826130241250161624;2;4;316.27337160800005;3;UNRANKED_STANDARD;76561198064725358;Matou;218;0;1;1;2;1;1869.092036635049;0;0;0.0;0.0;0.0;82.45733892236323;0;0.0;10.527011706905807;16.98529858074259;11.890313385475277;4;2;1;7;56.38029900317082;36.35248785297731;2.3368661672094593;56.522752207722746;43.47724779227725;37.6286858254714;35.85707730638788;26.5142368681407;75.92385845799927;24.076141542000716;17.241138252253894;0.34704534068723863;17.241138252253894;15347.838736824348;21;8;2;2;1;1;5;1;6.872978563602255;6.850324589720197;61.595976060372806;0;0;0;0;0;0;7;4;0;0;3;1;NaN;
2024-10-17 21:19:56.5462976;7AF1490B47B1C567FB605983954AE3C3;AvoZiaxisMatouMynoteetRosie auchShowkapic.v2xxLCxx21826130241250161624;2;4;316.27337160800005;3;UNRANKED_STANDARD;bfc1abc6edb;Showkapic.v2;412;1;2;0;2;1;2441.8534907358085;0;0;0.0;0.0;0.0;83.66625409962289;0;0.0;18.060876672159125;18.98820032608825;19.794805976772405;7;3;3;5;57.04153771111746;30.91419367172764;2.984889704436062;45.17060003080775;51.97176280136833;28.14258872110135;37.66987396323263;31.3299001478421;71.61771113495492;25.524651697221167;22.97890098287417;1.0065933135040677;22.97890098287417;15667.171118291983;32;6;0;1;3;3;9;4;6.386352490981899;14.115286816599948;60.91234190520907;1;1;1.829533399;1.829533399;15305.490006204695;13874586.266861223;7;1;3;0;3;1;0.0;
2024-10-17 21:37:54.6349967;9D22ACF8437CBBF10E3523ABD51A9A37;COLONEL SANDERSFAke . .MynoteetPiikaSniperAmy lftWoozy22425237545245368334;3;4;316.958114595;3;UNRANKED_STANDARD;b460bb8f9eb;Mynoteet;683;3;0;3;4;0;2517.028239746979;0;0;0.0;0.0;0.0;85.26969270792662;0;0.0;15.65467144086267;14.580717369249935;14.66164226285219;7;3;4;4;58.19707797407181;33.66358124458732;3.162978818135029;62.88352035526154;37.11647964473847;50.04549265087731;30.166226428742238;19.788280920380455;82.37113406344024;17.62886593655976;25.109867175255935;1.7663217179827069;25.109867175255935;14478.771442393007;20;3;1;0;1;1;8;2;11.602106143894913;11.508943026308438;53.08249931666297;0;0;0;0;0;0;7;3;0;0;1;0;0.0;
2024-10-17 21:37:54.6349967;9D22ACF8437CBBF10E3523ABD51A9A37;COLONEL SANDERSFAke . .MynoteetPiikaSniperAmy lftWoozy22425237545245368334;3;4;316.958114595;3;UNRANKED_STANDARD;b4448989aeb;FAke . .;252;0;1;1;2;0;1903.3891054606836;0;0;0.0;0.0;0.0;75.54798579584063;0;0.0;18.20548824841813;20.987406618063638;20.641344996198455;6;3;2;7;58.173882469803374;28.839012589659678;7.342257724411362;60.38997186318432;39.610028136815686;40.808609489703365;35.43371208606113;23.757678424235518;73.08953609123168;26.91046390876832;23.468767042310468;1.5123073015893107;23.468767042310468;13453.933261981683;31;4;2;1;8;8;10;2;11.994827489297467;9.004194442053297;42.42605361336978;1;0;2.9638047050000003;2.9638047050000003;12949.607729716807;12739961.434484567;7;0;5;0;2;0;NaN;
2024-10-17 21:37:54.6349967;9D22ACF8437CBBF10E3523ABD51A9A37;COLONEL SANDERSFAke . .MynoteetPiikaSniperAmy lftWoozy22425237545245368334;3;4;316.958114595;3;UNRANKED_STANDARD;76561198145663808;Woozy;224;0;2;1;1;0;2172.32103418089;0;0;0.0;0.0;0.0;79.01166442385974;0;0.0;17.22350379410714;13.461898435230419;16.152211011356012;6;2;4;9;58.84345446189821;29.1037731303615;4.098823169932164;51.280741742386695;48.719258257613326;35.45480431305315;34.724264026378776;29.82093166056808;67.41961431687888;32.580385683121115;24.48639655342786;1.5583818389730915;24.48639655342786;13690.923268965787;30;9;1;1;7;7;10;2;12.040934211059978;6.789058661740095;43.835885786844685;1;0;1.7210972050000004;1.7210972050000004;13235.959746601073;8527494.930120258;7;1;1;0;5;5;0.0;
2024-10-17 21:37:54.6349967;9D22ACF8437CBBF10E3523ABD51A9A37;COLONEL SANDERSFAke . .MynoteetPiikaSniperAmy lftWoozy22425237545245368334;3;4;316.958114595;3;UNRANKED_STANDARD;76561198047874307;SniperAmy lft;452;2;0;0;6;1;2081.186553725485;0;0;0.0;0.0;0.0;73.90886520710337;0;0.0;16.092143301071047;18.459882138295413;16.87731264534846;9;5;2;5;50.8430504459286;37.32396941474809;6.660752999170269;63.5636652326863;36.4363347673137;47.60909692683427;30.814476446453696;21.576426626712028;68.39027304632368;31.609726953676326;23.920252298912438;1.9741336838765717;23.920252298912438;14814.85990583709;31;5;0;2;5;4;14;4;10.736884637417896;10.043540670247939;56.05026567122351;0;0;0;0;0;0;7;1;2;0;1;1;NaN;
2024-10-17 21:37:54.6349967;9D22ACF8437CBBF10E3523ABD51A9A37;COLONEL SANDERSFAke . .MynoteetPiikaSniperAmy lftWoozy22425237545245368334;3;4;316.958114595;3;UNRANKED_STANDARD;76561198807544620;Piika;375;1;0;3;2;1;2363.919955876014;0;0;0.0;0.0;0.0;80.94071403087568;0;0.0;15.066584157663849;21.682005930913867;12.410962374717686;6;3;3;5;45.751978844048686;40.73958630906021;6.974475820329329;71.87756799383546;26.21770178093774;58.045807338955655;24.64928344170321;15.400178994114325;77.86876944146658;20.226500333306607;29.761658859100272;2.1126208463083884;29.761658859100272;14673.90421283907;20;5;1;1;2;2;10;2;12.479145900568135;15.249532338290466;52.631704345906115;0;0;0;0;0;0;7;3;2;0;1;1;NaN;
2024-10-17 21:37:54.6349967;9D22ACF8437CBBF10E3523ABD51A9A37;COLONEL SANDERSFAke . .MynoteetPiikaSniperAmy lftWoozy22425237545245368334;3;4;316.958114595;3;UNRANKED_STANDARD;76561198144193637;COLONEL SANDERS;453;1;3;1;3;1;2098.4893599493953;0;0;0.0;0.0;0.0;78.50356935045946;0;0.0;17.757609057877804;10.828089508247398;14.62644897204702;5;2;2;9;49.363387188531746;38.132633151366754;6.7204243637105545;63.171810933708336;36.828189066291664;46.098966101152136;29.656701384064473;24.244332514783398;68.80543879201895;31.194561207981053;24.994095578599115;1.535082897062625;24.994095578599115;13650.168081697244;26;6;0;2;6;5;11;2;11.925686576379038;8.911404579147975;45.57654928967047;0;0;0;0;0;0;7;0;2;0;5;0;0.0;
2024-10-17 21:30:25.1550174;CB3267B24AF8897EA99210B2C411CBF6;FAke . .GenosifMynoteetPersimoneyWoozypolson18186610217231620;2;0;116.09342715099999;3;UNRANKED_STANDARD;b460bb8f9eb;Mynoteet;172;0;1;1;1;0;763.1009217457305;0;0;0.0;0.0;0.0;85.46883028609587;0;0.0;22.131091627247766;20.62416435071513;20.739769102244654;2;0;2;4;65.13286803364792;30.422865708892783;1.6703734652244666;59.67823450063703;40.321765499362975;43.60199349629071;29.036810429546904;27.361196074162404;72.03549999538423;27.964500004615765;17.746881331362726;1.4814276261851107;17.746881331362726;14870.248259771075;11;3;1;1;3;3;1;1;10.370140664674391;9.613483029046636;59.460166772590654;0;0;0;0;0;0;2;1;0;0;1;1;0.0;
2024-10-17 21:30:25.1550174;CB3267B24AF8897EA99210B2C411CBF6;FAke . .GenosifMynoteetPersimoneyWoozypolson18186610217231620;2;0;116.09342715099999;3;UNRANKED_STANDARD;76561198301901019;Genosif;66;0;0;0;1;1;829.5981965169757;0;0;0.0;0.0;0.0;88.05010502708728;0;0.0;16.106210391807632;20.933830397986146;14.56402298814758;2;0;1;1;57.94144760625287;30.92732676183273;1.828016673364027;65.38518344562985;31.995482215101482;45.522952211808125;37.042929740600364;14.814783708322848;68.66650950816843;28.714156152562907;27.999387257920233;1.7023124792668136;27.999387257920233;15450.571997300776;7;1;0;1;0;0;2;0;6.812295410758648;11.818385896347278;57.12156435501462;0;0;0;0;0;0;2;0;1;0;1;0;0.0;
2024-10-17 21:30:25.1550174;CB3267B24AF8897EA99210B2C411CBF6;FAke . .GenosifMynoteetPersimoneyWoozypolson18186610217231620;2;0;116.09342715099999;3;UNRANKED_STANDARD;b4448989aeb;FAke . .;316;2;0;0;3;0;671.6345304828168;0;0;0.0;0.0;0.0;76.73843222073666;0;0.0;20.932315053799012;9.553539408027078;25.91368724593713;3;0;1;4;63.959488410503376;31.499886652011032;0.0;61.03330235125174;38.96669764874828;40.98291740764599;33.161900639668026;25.855181952685985;69.09659209273248;30.90340790726753;25.192349792516293;0.9771962365487189;25.192349792516293;13925.904920340432;19;3;0;0;5;4;3;3;10.810166271236566;10.78338448887126;42.59035120454215;1;0;1.2807048;1.2807048;13745.2263327094;10131023.525344536;2;0;0;0;1;1;0.0;
2024-10-17 21:30:25.1550174;CB3267B24AF8897EA99210B2C411CBF6;FAke . .GenosifMynoteetPersimoneyWoozypolson18186610217231620;2;0;116.09342715099999;3;UNRANKED_STANDARD;76561198055251864;polson;102;0;0;1;0;1;629.7200766772085;0;0;0.0;0.0;0.0;82.72637606010512;0;0.0;12.828901064853875;17.901542012338588;20.807953661821;3;2;1;3;53.97116590890503;40.41414343550617;1.8005091703264402;64.34533006665275;35.654669933347265;44.10871657307165;33.69564937825428;22.195634048674087;63.20747951006452;36.79252048993549;27.525735631386038;2.7736148247323613;27.525735631386038;12739.63104077918;10;2;1;1;2;2;0;3;18.06591790396578;3.2149647965387413;39.39919217520158;0;0;0;0;0;0;2;0;0;0;1;0;0.0;
2024-10-17 21:30:25.1550174;CB3267B24AF8897EA99210B2C411CBF6;FAke . .GenosifMynoteetPersimoneyWoozypolson18186610217231620;2;0;116.09342715099999;3;UNRANKED_STANDARD;76561198145663808;Woozy;18;0;0;0;0;0;521.2095509508749;0;0;0.0;0.0;0.0;69.32825024737596;0;0.0;12.523912557158717;22.507798483727402;4.606010122386107;0;0;0;0;74.39312621692734;21.919301181368226;1.6074530245133913;62.45035783438452;37.549642165615495;44.262889213497886;41.20281590945175;14.534294877050375;69.92425375935744;30.07574624064257;22.50943003001433;0.22059862154546966;22.50943003001433;14296.877839955818;4;0;0;0;0;0;1;0;7.060398523112601;2.8680434135769395;46.52889081630922;0;0;0;0;0;0;2;0;2;0;0;0;NaN;
2024-10-17 21:30:25.1550174;CB3267B24AF8897EA99210B2C411CBF6;FAke . .GenosifMynoteetPersimoneyWoozypolson18186610217231620;2;0;116.09342715099999;3;UNRANKED_STANDARD;7dcf101b269a4b448eef7e88ce229615;Persimoney;18;0;0;0;0;1;889.0534238077166;0;0;0.0;0.0;0.0;87.3599962623955;0;0.0;15.477569305132889;8.47912534720551;11.223902552253806;3;0;0;1;51.5067400923782;35.662814993091004;3.12032326109928;52.77922237863078;47.22077762136924;36.636978938246145;33.228787374693084;30.134233687060775;55.61770168695017;44.38229831304982;31.214005325957732;2.1432095365431447;31.214005325957732;14903.335172706758;8;1;0;0;2;2;3;1;10.907804807527306;18.603643171726233;57.38101296153061;0;0;0;0;0;0;2;1;1;0;0;0;0.0;
2024-10-17 22:28:09.7125782;58CF202E4C6C694DF9561AA8FFB9C6AD;BERO94_KurvySKMynoteetPaype.SCORED SCORED SCORED SCOREDzonıxn25227030433441645732;3;2;313.684942676;3;RANKED_STANDARD;76561199045006027;KurvySK;457;1;2;1;3;0;2061.9716666751015;0;0;0.0;0.0;0.0;80.99517454314639;0;0.0;18.944992565161815;14.700697889930428;18.199599498776934;8;2;3;9;59.72689946533875;31.22092594580027;3.546672478790676;55.64265688783227;42.409336443160505;38.00232679262758;35.06090790516437;24.98875863320082;75.87235260534212;22.179640725650653;17.79100992668394;0.5015454017584157;17.79100992668394;16189.758741166135;32;6;1;4;8;7;9;0;5.018101116909089;13.696341458243404;60.79630228760388;1;0;1.0976874049999998;1.0976874049999998;15890.157487799821;17983062.827689655;6;3;2;0;1;0;0.0;
2024-10-17 22:28:09.7125782;58CF202E4C6C694DF9561AA8FFB9C6AD;BERO94_KurvySKMynoteetPaype.SCORED SCORED SCORED SCOREDzonıxn25227030433441645732;3;2;313.684942676;3;RANKED_STANDARD;b460bb8f9eb;Mynoteet;304;1;0;1;2;0;2393.6741668311097;0;0;0.0;0.0;0.0;85.80186435693615;0;0.0;14.467330332101506;19.660809825258767;12.272573719537167;6;3;1;5;62.21997774741541;31.255608315018225;3.116088338386113;61.77718306968851;37.242959439933074;45.74832480793463;31.497447313259062;21.774370388427908;77.3274044000068;21.692738109614808;17.128370980336125;1.0031289927901124;17.128370980336125;14992.873768031945;21;4;1;1;3;3;5;1;13.535072106363028;15.01605721529716;58.75403311958186;0;0;0;0;0;0;6;1;2;0;2;1;0.0;
2024-10-17 22:28:09.7125782;58CF202E4C6C694DF9561AA8FFB9C6AD;BERO94_KurvySKMynoteetPaype.SCORED SCORED SCORED SCOREDzonıxn25227030433441645732;3;2;313.684942676;3;RANKED_STANDARD;76561198440072558;Paype.;270;1;0;1;1;0;1850.6965071220804;0;0;0.0;0.0;0.0;75.24372010574501;0;0.0;17.012716421368538;22.99912880119263;15.634552407781957;9;3;5;6;61.6823735947858;28.33069402084481;4.024762457291497;60.764823277117905;39.235176722882095;41.36382319919601;37.36839678277883;21.26778001802516;77.29666538200439;22.703334617995612;24.72099149530936;1.8548928891399967;24.72099149530936;14778.185119938127;31;2;2;1;8;8;12;6;7.2454871499762525;10.967855621471692;49.30597053131466;0;0;0;0;0;0;6;0;1;0;3;0;NaN;
2024-10-17 22:28:09.7125782;58CF202E4C6C694DF9561AA8FFB9C6AD;BERO94_KurvySKMynoteetPaype.SCORED SCORED SCORED SCOREDzonıxn25227030433441645732;3;2;313.684942676;3;RANKED_STANDARD;b0ed826e11b;zonıxn;416;2;0;0;3;1;2508.346949458132;0;0;0.0;0.0;0.0;80.64453642465166;0;0.0;20.24207924241514;11.630745271915593;18.900818568533793;10;5;4;6;55.02449516274021;32.432341781569285;5.217120713028127;68.69802436120804;30.321890820638757;50.58931899351937;31.245018058846984;17.18557812948047;66.88897024767945;32.13094493416735;25.783256212440442;1.936703961361295;25.783256212440442;15576.060641532093;40;5;1;2;7;8;16;6;7.781595962421544;15.947697746101518;60.08609390750288;1;0;3.2930476069999997;3.2930476069999997;15097.12124128019;10762351.366137328;6;1;4;0;1;1;NaN;
2024-10-17 22:28:09.7125782;58CF202E4C6C694DF9561AA8FFB9C6AD;BERO94_KurvySKMynoteetPaype.SCORED SCORED SCORED SCOREDzonıxn25227030433441645732;3;2;313.684942676;3;RANKED_STANDARD;76561198355238352;SCORED SCORED SCORED SCORED;334;0;2;1;1;1;2168.3869564747997;0;0;0.0;0.0;0.0;81.04442050525168;0;0.0;13.395701337632337;17.651640661372696;12.962525298193409;4;1;1;10;59.47811287796148;35.59726887571239;0.6415964967367824;78.1572647333696;21.842735266630395;60.62134599569007;28.86465905235417;10.513994951955771;70.30852631514406;29.691473684855946;19.754862941574395;0.6415654455173109;19.754862941574395;14707.101254009009;26;8;2;1;5;5;6;3;9.496011848030275;9.392588077596038;53.354620467348326;0;0;0;0;0;0;6;1;1;0;3;3;NaN;
2024-10-17 22:28:09.7125782;58CF202E4C6C694DF9561AA8FFB9C6AD;BERO94_KurvySKMynoteetPaype.SCORED SCORED SCORED SCOREDzonıxn25227030433441645732;3;2;313.684942676;3;RANKED_STANDARD;3023579367692748350;BERO94_;252;0;0;2;1;1;2707.539558760252;0;0;0.0;0.0;0.0;86.43026952493219;0;0.0;15.937180101321195;13.35697755033041;17.94436388460626;6;5;1;7;47.14902386939333;40.06676293092472;6.392561708552233;63.52685474859627;34.548514421980784;47.11200133429512;28.853140988818254;22.110226847463682;63.07321826261748;35.00215090795958;24.04527475961978;1.3766302807400872;24.04527475961978;15944.018237532777;28;5;2;1;6;6;13;3;7.897490843731006;18.512108407122213;62.663761595030955;1;1;1.792821897;1.792821897;15553.343990693504;14819782.614608841;6;4;0;0;2;1;0.0;
2024-10-17 22:21:22.4294066;97769DA345C0AB7CCDA0C2BE936E8CF4;Five_FalHK HaalekKurvySKMynoteetPaype.Road to Silver9210233834842169951;5;1;278.35897148799995;3;RANKED_STANDARD;b460bb8f9eb;Mynoteet;699;3;2;1;4;0;2113.5168886864853;0;0;0.0;0.0;0.0;87.89305262738493;0;0.0;22.148696199525343;15.345023446043857;21.519666935391864;6;1;3;9;62.96299157311536;32.683319384560235;0.0;70.55234728817294;28.29006799495048;52.92609378941866;31.3385607482605;14.577760745444246;81.05087879832396;17.791536484799444;20.577108903949686;0.8544397869721734;20.577108903949686;14717.53078484356;29;7;3;1;7;5;7;3;12.125919627654277;10.685618168150983;58.097095022486464;1;0;5.415027108;5.415027108;14506.54662266695;12564746.008724028;6;0;4;0;1;1;0.0;
2024-10-17 22:21:22.4294066;97769DA345C0AB7CCDA0C2BE936E8CF4;Five_FalHK HaalekKurvySKMynoteetPaype.Road to Silver9210233834842169951;5;1;278.35897148799995;3;RANKED_STANDARD;76561198276656505;Five_Fal;92;0;0;0;1;1;2112.1662797385593;0;0;0.0;0.0;0.0;83.72538588864656;0;0.0;17.68299372852156;13.973738316415963;14.310895159604117;4;0;2;4;57.14241224657533;34.04415141909134;4.591785510154113;52.79938015661764;46.135917961795;32.36901354942832;43.1475151402396;23.41876942874473;61.96617978107307;36.969118337339566;15.21234690825314;0.34177676972808235;15.21234690825314;15025.4068744859;22;5;1;3;4;4;10;1;8.337938990768432;8.584460240409415;55.742157472258405;0;0;0;0;0;0;6;1;2;0;2;1;0.0;
2024-10-17 22:21:22.4294066;97769DA345C0AB7CCDA0C2BE936E8CF4;Five_FalHK HaalekKurvySKMynoteetPaype.Road to Silver9210233834842169951;5;1;278.35897148799995;3;RANKED_STANDARD;76561198124028374;Road to Silver;102;0;0;0;3;1;2368.1193187434014;0;0;0.0;0.0;0.0;83.86915973069675;0;0.0;12.358500275778953;19.49634142880141;14.604713919469475;7;1;5;5;52.4625285983626;39.29561262217679;4.561205573554631;51.352781168816165;48.64721883118385;32.80100955249296;38.089630088883546;29.10936035862352;56.446849106414966;43.553150893585055;18.626292659381797;0.854415897316437;18.626292659381797;16641.897362320553;20;3;0;2;4;4;8;2;5.838609556976544;19.023993557284452;68.60311306734012;0;0;0;0;0;0;6;3;0;0;3;1;0.0;
2024-10-17 22:21:22.4294066;97769DA345C0AB7CCDA0C2BE936E8CF4;Five_FalHK HaalekKurvySKMynoteetPaype.Road to Silver9210233834842169951;5;1;278.35897148799995;3;RANKED_STANDARD;76561199045006027;KurvySK;348;1;0;2;3;0;2055.1103813114073;0;0;0.0;0.0;0.0;85.58016946878423;0;0.0;19.390584832408457;14.8568702032235;14.934360931776949;6;2;1;5;64.71258519855738;29.488292382032533;3.9060626096862587;64.50433954263282;35.022281244922155;45.53221330301685;35.36725510434791;18.62715238019022;69.86403245328262;29.649444982073426;16.093137730942935;0.8682012266682717;16.093137730942935;15327.328435317228;24;4;1;2;5;5;6;2;6.3782914285431485;10.108254604329463;54.08827785006045;0;0;0;0;0;0;6;3;0;0;3;2;0.0;
2024-10-17 22:21:22.4294066;97769DA345C0AB7CCDA0C2BE936E8CF4;Five_FalHK HaalekKurvySKMynoteetPaype.Road to Silver9210233834842169951;5;1;278.35897148799995;3;RANKED_STANDARD;76561198019480234;HK Haalek;421;1;0;3;4;1;2059.7029826860607;0;0;0.0;0.0;0.0;78.65121143416589;0;0.0;16.5454142655451;16.48599371261096;15.252777350066598;7;3;3;7;49.070521653327965;40.01751089915998;5.3659572566152836;61.186443720691216;37.72368329990286;41.96582457592387;36.681614889284006;20.262687555386204;66.13574944680248;32.7743775737916;17.05047537368346;1.7087224706910684;17.05047537368346;15865.971716875913;21;7;2;2;3;2;10;6;5.127641561793643;15.302466067574331;60.43860488514983;0;0;0;0;0;0;6;4;1;0;1;1;NaN;
2024-10-17 22:21:22.4294066;97769DA345C0AB7CCDA0C2BE936E8CF4;Five_FalHK HaalekKurvySKMynoteetPaype.Road to Silver9210233834842169951;5;1;278.35897148799995;3;RANKED_STANDARD;76561198440072558;Paype.;338;1;0;2;2;0;1492.5510491756406;0;0;0.0;0.0;0.0;80.29190747445732;0;0.0;11.87381069822096;19.84203289290476;14.147266978854203;4;2;2;4;61.266508609855244;29.081435020494673;2.5124696274793847;79.84658421781158;20.15341578218844;65.05694762484309;22.427312727619878;12.515739647537064;81.15721889557955;18.842781104420464;26.715267227234257;0.9848102575411972;26.715267227234257;14830.69722474937;18;5;2;1;2;2;5;5;10.046178305485464;13.093744871295184;52.90664534997703;0;0;0;0;0;0;6;1;3;0;1;0;NaN;
2024-10-17 22:34:53.1082868;DD78067B4CF8D3F69A905FB8919B9242;Five_FalKurvySKMynoteetPaype.Road to SilverYT_Schmiddyfy10215618618830861230;3;0;312.472449937;3;RANKED_STANDARD;b460bb8f9eb;Mynoteet;308;1;0;0;2;0;2043.4127679527687;0;0;0.0;0.0;0.0;79.57775896503215;0;0.0;14.277832567957619;18.019096003936355;14.623980364737148;8;2;4;5;58.00341806631022;34.7496761826178;1.0691378755706484;64.71258051542429;33.37088745008517;49.55013407780961;28.804070516983675;19.72926337071618;78.61853987944527;19.464928086064194;23.345334706694164;0.9582419869667526;23.345334706694164;14671.831811712087;23;6;0;3;2;2;8;4;10.901229007506979;13.727335754447578;50.741429199587614;1;0;1.0704476;1.0704476;14335.392343914264;5435718.193300493;4;0;1;0;2;2;0.0;
2024-10-17 22:34:53.1082868;DD78067B4CF8D3F69A905FB8919B9242;Five_FalKurvySKMynoteetPaype.Road to SilverYT_Schmiddyfy10215618618830861230;3;0;312.472449937;3;RANKED_STANDARD;76561198440072558;Paype.;156;0;1;1;0;0;1537.8466444360186;0;0;0.0;0.0;0.0;68.69332085157428;0;0.0;11.64361778337113;20.628031187708217;12.47219147571489;5;2;2;4;58.84977377239989;26.71862042008271;3.5426371871286126;69.41972006835624;29.62890770519648;47.14243056778277;36.005537021482525;15.900660184287418;74.66606874847355;24.382559025079175;27.187033376263358;1.1243783250998154;27.187033376263358;13848.295893398796;17;4;1;0;0;0;4;1;11.657157310138558;7.825381543854487;45.540370028682595;0;0;0;0;0;0;4;1;0;0;2;0;NaN;
2024-10-17 22:34:53.1082868;DD78067B4CF8D3F69A905FB8919B9242;Five_FalKurvySKMynoteetPaype.Road to SilverYT_Schmiddyfy10215618618830861230;3;0;312.472449937;3;RANKED_STANDARD;76561198276656505;Five_Fal;188;0;0;1;2;1;2124.3581148134035;0;0;0.0;0.0;0.0;80.36617836920583;0;0.0;17.43491847744791;13.665000716578056;18.68502311540475;7;4;2;6;55.864107094943684;35.844416188877446;4.227242697288405;61.09015832579377;38.90984167420622;40.20670202103584;40.897716185143864;18.89558179382029;70.13554988837748;29.86445011162251;15.972305204846876;0.9699496082330036;15.972305204846876;14452.800820203272;29;9;2;2;4;4;11;2;9.037450665712617;10.543100437700065;49.01416379488139;1;0;1.3458358019999999;1.3458358019999999;14095.042102174539;6741367.1727777785;4;0;2;0;2;2;0.0;
2024-10-17 22:34:53.1082868;DD78067B4CF8D3F69A905FB8919B9242;Five_FalKurvySKMynoteetPaype.Road to SilverYT_Schmiddyfy10215618618830861230;3;0;312.472449937;3;RANKED_STANDARD;76561198124028374;Road to Silver;102;0;0;0;0;1;2747.16046660762;0;0;0.0;0.0;0.0;79.770903291235;0;0.0;20.599688796877338;14.860670981509664;13.964562943324339;4;0;4;4;50.6880391503102;36.505636275133554;5.452661894651889;53.91925482261528;42.1981765818346;36.45743044545789;33.18212947410395;26.477871484888045;53.31537275193019;42.802058652519705;21.178654045930305;0.8143139049580268;21.178654045930305;16931.137992235886;23;8;1;1;3;3;8;5;4.50632263127165;19.22715310041358;67.19570099454556;1;0;1.246351605;1.246351605;16478.359021861557;9499740.108143939;4;2;0;0;2;0;0.0;
2024-10-17 22:34:53.1082868;DD78067B4CF8D3F69A905FB8919B9242;Five_FalKurvySKMynoteetPaype.Road to SilverYT_Schmiddyfy10215618618830861230;3;0;312.472449937;3;RANKED_STANDARD;76561199045006027;KurvySK;612;2;1;4;2;0;1778.430048391319;0;0;0.0;0.0;0.0;70.35491826057685;0;0.0;13.570544559864237;16.47866289888332;16.72153108363139;7;4;3;10;59.172734290424266;32.34055338010584;3.5512214287170814;66.38776523556693;31.650708295704135;50.896889886473204;27.99515006703373;19.14643357776413;70.97193054386469;27.066542987406383;20.176120099135446;0.8935098132852707;20.176120099135446;14847.191772559332;27;6;4;0;6;5;8;10;7.489701041073691;9.181610973954456;52.17095127262162;0;0;0;0;0;0;4;2;2;0;0;0;0.0;
2024-10-17 22:34:53.1082868;DD78067B4CF8D3F69A905FB8919B9242;Five_FalKurvySKMynoteetPaype.Road to SilverYT_Schmiddyfy10215618618830861230;3;0;312.472449937;3;RANKED_STANDARD;2583382618315775084;YT_Schmiddyfy;186;0;0;0;5;1;2560.7285045582876;0;0;0.0;0.0;0.0;88.48961652643153;0;0.0;22.473397814482098;16.348538211384653;21.089883720080483;8;1;6;10;57.4641558579652;32.82474950853414;6.554347692453923;61.685944010699856;37.35957142510852;42.58230553856087;36.25437460481404;20.20883529243348;69.69977720560992;29.34573823019847;18.580111935854013;1.9438101884580863;18.580111935854013;15611.025594298857;33;9;0;4;8;8;16;2;5.4552266596420855;14.709723988232337;57.90322687663455;0;0;0;0;0;0;4;1;1;0;0;0;0.0;
2024-10-20 20:35:11.7321220;09D4DB904422B8B6EC699486FFC6744D;MynoteetNoxaniac1190130364;6;4;328.687941553;1;RANKED_DUELS;b460bb8f9eb;Mynoteet;1303;4;0;8;5;1;2935.596477233788;0;0;0.0;0.0;0.0;91.8732966868831;0;0.0;31.315707505017677;69.83087991805313;34.93350488353259;21;11;5;12;52.293450053531856;42.38509917423786;1.0914068420187404;70.08240444131303;29.917595558686987;50.233764824736085;33.34477560118441;16.421459574079517;74.05845745477373;25.941542545226287;18.258592502190393;0.6789941509430557;18.258592502190393;14530.247160222334;59;0;8;1;15;13;10;10;10.129314185269983;12.592320839468982;52.51570018888725;0;0;0;0;0;0;11;0;0;0;11;1;0.0;Noxaniac
2024-10-20 20:35:11.7321220;09D4DB904422B8B6EC699486FFC6744D;MynoteetNoxaniac1190130364;6;4;328.687941553;1;RANKED_DUELS;76561198015108151;Noxaniac;1190;6;0;1;15;0;2838.049333839316;0;0;0.0;0.0;0.0;84.31251892102327;0;0.0;68.68429249498148;30.169120081945966;55.24616367428236;12;1;10;21;49.16141010665719;39.70586170772434;3.1503296631678612;43.12874305069138;55.94731538800548;22.133721277775905;40.63570531791568;36.30663184300526;77.13060177357337;21.945456665123476;23.589746461233485;1.4034929277307089;23.589746461233485;14937.588079630677;111;0;0;16;42;40;20;7;10.07404105077602;17.424445179339077;52.628863760158715;7;1;2.7806768980000003;12.806445795000002;14627.52130249686;5328262.904923139;11;0;0;0;11;10;0.0;Mynoteet
2024-10-20 20:27:34.9562630;EFE4EC0B44CAD013F03409B3E79519A2;Im-not-drichouMynoteetR.E.E.C.E-_-ceejyy14115040046904;0;4;215.659292999;2;RANKED_DOUBLES;b460bb8f9eb;Mynoteet;400;1;2;1;0;1;1640.968358591622;0;0;0.0;0.0;0.0;84.7454595660973;0;0.0;27.37153471113064;20.969016792710104;22.82208985597863;5;2;2;9;58.877902664082626;35.21461422455472;0.2369378072673035;69.08276719505467;28.082750077586887;49.66550112333748;33.29643914826938;14.203577001034699;75.25424520136609;21.91127207127546;20.822687959571596;0.6786302967277121;20.822687959571596;14059.327066308146;39;4;0;0;14;14;4;2;14.40760427937783;11.56068991430643;50.2168535475551;2;1;2.6734220019999997;3.9907711029999997;13881.280159684411;10267163.257485595;4;0;2;0;2;2;0.0;
2024-10-20 20:27:34.9562630;EFE4EC0B44CAD013F03409B3E79519A2;Im-not-drichouMynoteetR.E.E.C.E-_-ceejyy14115040046904;0;4;215.659292999;2;RANKED_DOUBLES;2535471756847728;ceejyy;469;3;0;0;4;1;1968.7280705039057;0;0;0.0;0.0;0.0;84.1003308732166;0;0.0;25.75819287150207;23.11655100540063;22.040657460664313;10;5;3;4;55.58667545040865;38.40333961374158;1.9857490741286337;62.48160807595007;36.0930841363562;42.14863122333499;36.70418674717952;19.72187424179176;77.1905327820823;21.384159430223967;21.285799146718364;1.3057521713256555;21.285799146718364;14365.486969131925;25;0;0;2;7;6;6;1;13.709149334518585;15.3299832584322;49.0999368668485;1;0;1.061241204;1.061241204;14106.168593926457;3887089.21544335;4;2;0;0;2;0;0.0;
2024-10-20 20:27:34.9562630;EFE4EC0B44CAD013F03409B3E79519A2;Im-not-drichouMynoteetR.E.E.C.E-_-ceejyy14115040046904;0;4;215.659292999;2;RANKED_DOUBLES;1939528220757699713;Im-not-drichou;150;0;0;0;0;0;1477.2161532532284;0;0;0.0;0.0;0.0;79.84094492964762;0;0.0;29.983824610934036;19.771383062170077;32.19358042564014;7;2;4;9;59.154300402251415;32.919416574981156;1.2386062143922478;51.7210504281479;44.47760736999392;32.7328714618977;37.909334030126445;25.55645230611767;65.394466872176;30.80419092596582;15.12480519453027;2.595765679351438;15.12480519453027;15346.496921068934;37;6;0;0;12;12;5;4;10.319474993411557;17.95393233120706;53.91570419761138;6;1;2.6709860039999995;9.695904511999998;15071.329332104233;7153895.662204781;4;0;2;0;2;2;0.0;
2024-10-20 20:27:34.9562630;EFE4EC0B44CAD013F03409B3E79519A2;Im-not-drichouMynoteetR.E.E.C.E-_-ceejyy14115040046904;0;4;215.659292999;2;RANKED_DOUBLES;82228db9340343a28b5fda3d3af75c00;R.E.E.C.E-_-;141;0;0;1;1;0;1703.3530991187129;0;0;0.0;0.0;0.0;67.43302846062575;0;0.0;16.886447806433665;36.14304913971969;18.636129699816074;6;2;2;6;64.42474418880909;26.93648548605293;1.6463332303590847;60.90143622960361;36.298624378019724;41.061416095994815;38.06377345926876;18.07487105235977;73.5404949721946;23.659565635428745;17.058851955510487;0.220540553753093;17.058851955510487;15505.58239638268;23;4;1;0;5;5;7;1;8.607740607814225;18.88688104490311;55.49047592424217;2;0;1.793218296;3.367997999;15290.357686421825;9271496.19534666;4;2;0;0;2;0;0.0;
